voltage_mV,voltage_V,n_samples_steady,n_negative,mean_mA,stdev_mA,min_mA,max_mA,power_mW,energy_per_s_mJ
3300,3.3,178133,0,138.73854419369727,23.825238274651134,9.944830955541125,188.6097953347749,457.83719583920094,457.83719583920094
