voltage_mV,voltage_V,n_samples_steady,n_negative,mean_mA,stdev_mA,min_mA,max_mA,power_mW,energy_per_s_mJ
3300,3.3,176085,0,141.08823436183224,24.36316009562747,9.944830955541125,188.6097953347749,465.59117339404634,465.59117339404634
