voltage_mV,voltage_V,n_samples_steady,n_negative,mean_mA,stdev_mA,min_mA,max_mA,power_mW,energy_per_s_mJ
3000,3.0,312243,0,103.66882446469528,19.42117075413136,63.40742524280633,155.9442626357901,311.00647339408584,311.00647339408584
3300,3.3,312244,7,138.70666626398227,25.012016068999728,-1.0703467247140421,183.78101205650654,457.73199867114147,457.73199867114147
3600,3.6,313267,0,145.28187176050187,26.64252414474215,9.980911713471167,310.5249694208129,523.0147383378068,523.0147383378068
