voltage_mV,voltage_V,n_samples_steady,n_negative,mean_mA,stdev_mA,min_mA,max_mA,power_mW,energy_per_s_mJ
3300,3.3,177109,0,143.8000051214112,25.269526767459265,9.944830955541125,188.6097953347749,474.54001690065695,474.54001690065695
