voltage_mV,voltage_V,n_samples_steady,mean_mA,stdev_mA,min_mA,max_mA,power_mW,energy_per_s_mJ
3000,3.0,221130,109.19686118697224,18.817018825601693,63.40742524280633,155.9442626357901,327.59058356091674,327.59058356091674
3300,3.3,219083,7861.370270251673,5972.491320703412,2470.653241022793,28447.280499668563,25942.521891830518,25942.521891830518
