voltage_mV,voltage_V,n_samples_steady,mean_mA,stdev_mA,min_mA,max_mA,power_mW,energy_per_s_mJ
3000,3.0,223178,169.06421348378964,1207.6450094519712,0.07650577353450644,28452.313267268564,507.1926404513689,507.1926404513689
3300,3.3,221130,3404.1488449458957,5472.354390155825,-22.995413895424463,28447.280499668563,11233.691188321454,11233.691188321454
